corpus,t,N,pairs,hits,candidates,exact_ns,prefix_ns,gated_ns,speedup,gated_speedup,gate,correct
as-skitter,0.001000,256,32640,131,131,12.237010,0.293627,0.293627,41.6753,41.6753,prefix,1
as-skitter,0.011184,256,32640,118,124,10.645159,0.365074,0.365074,29.1589,29.1589,prefix,1
as-skitter,0.021367,256,32640,103,123,9.787347,0.273162,0.273162,35.8299,35.8299,prefix,1
as-skitter,0.031551,256,32640,86,113,15.018627,0.283395,0.283395,52.9955,52.9955,prefix,1
as-skitter,0.041735,256,32640,73,104,14.030607,0.269363,0.269363,52.0881,52.0881,prefix,1
as-skitter,0.051918,256,32640,63,95,18.824050,0.259130,0.259130,72.6433,72.6433,prefix,1
as-skitter,0.062102,256,32640,51,89,11.931955,0.245098,0.245098,48.6824,48.6824,prefix,1
as-skitter,0.072286,256,32640,41,82,13.099969,0.239982,0.239982,54.5874,54.5874,prefix,1
as-skitter,0.082469,256,32640,38,79,12.604657,0.260417,0.260417,48.4019,48.4019,prefix,1
as-skitter,0.092653,256,32640,29,66,10.941330,0.231036,0.231036,47.3578,47.3578,prefix,1
as-skitter,0.102837,256,32640,27,60,20.833333,0.293597,0.293597,70.9590,70.9590,prefix,1
as-skitter,0.113020,256,32640,20,54,16.819853,0.222120,0.222120,75.7241,75.7241,prefix,1
as-skitter,0.123204,256,32640,19,54,10.701348,0.223376,0.223376,47.9073,47.9073,prefix,1
as-skitter,0.133388,256,32640,16,51,12.023866,0.219577,0.219577,54.7592,54.7592,prefix,1
as-skitter,0.143571,256,32640,15,48,18.942770,0.204259,0.204259,92.7392,92.7392,prefix,1
as-skitter,0.153755,256,32640,14,47,10.754933,0.208088,0.208088,51.6845,51.6845,prefix,1
as-skitter,0.163939,256,32640,11,45,12.925092,0.204259,0.204259,63.2781,63.2781,prefix,1
as-skitter,0.174122,256,32640,11,40,17.994271,0.239982,0.239982,74.9819,74.9819,prefix,1
as-skitter,0.184306,256,32640,10,40,12.145098,0.204259,0.204259,59.4594,59.4594,prefix,1
as-skitter,0.194490,256,32640,9,40,29.908364,0.537439,0.537439,55.6498,55.6498,prefix,1
as-skitter,0.204673,256,32640,9,34,12.285539,0.186366,0.186366,65.9214,65.9214,prefix,1
as-skitter,0.214857,256,32640,7,33,16.560723,0.194026,0.194026,85.3532,85.3532,prefix,1
as-skitter,0.225041,256,32640,6,30,9.866452,0.174908,0.174908,56.4094,56.4094,prefix,1
as-skitter,0.235224,256,32640,6,27,10.864737,0.172335,0.172335,63.0444,63.0444,prefix,1
as-skitter,0.245408,256,32640,6,27,13.042555,0.171048,0.171048,76.2509,76.2509,prefix,1
as-skitter,0.255592,256,32640,5,24,11.140472,0.171048,0.171048,65.1308,65.1308,prefix,1
as-skitter,0.265776,256,32640,5,23,11.735355,0.169792,0.169792,69.1162,69.1162,prefix,1
as-skitter,0.275959,256,32640,5,23,15.576471,0.174908,0.174908,89.0552,89.0552,prefix,1
as-skitter,0.286143,256,32640,4,20,14.670129,0.160846,0.160846,91.2063,91.2063,prefix,1
as-skitter,0.296327,256,32640,4,19,13.984620,0.171078,0.171078,81.7439,81.7439,prefix,1
as-skitter,0.306510,256,32640,4,15,15.106740,0.155760,0.155760,96.9874,96.9874,prefix,1
as-skitter,0.316694,256,32640,4,14,10.394975,0.154473,0.154473,67.2931,67.2931,prefix,1
as-skitter,0.326878,256,32640,4,14,13.994822,0.162132,0.162132,86.3173,86.3173,prefix,1
as-skitter,0.337061,256,32640,4,13,19.150827,0.154442,0.154442,123.9998,123.9998,prefix,1
as-skitter,0.347245,256,32640,3,13,13.850582,0.146783,0.146783,94.3609,94.3609,prefix,1
as-skitter,0.357429,256,32640,1,12,16.431801,0.141697,0.141697,115.9641,115.9641,prefix,1
as-skitter,0.367612,256,32640,1,12,9.567770,0.137868,0.137868,69.3982,69.3982,prefix,1
as-skitter,0.377796,256,32640,1,11,11.038327,0.135325,0.135325,81.5692,81.5692,prefix,1
as-skitter,0.387980,256,32640,1,11,11.111121,0.137868,0.137868,80.5927,80.5927,prefix,1
as-skitter,0.398163,256,32640,1,11,17.451746,0.132782,0.132782,131.4317,131.4317,prefix,1
as-skitter,0.408347,256,32640,1,11,18.166636,0.136581,0.136581,133.0101,133.0101,prefix,1
as-skitter,0.418531,256,32640,1,11,16.782843,0.131495,0.131495,127.6309,127.6309,prefix,1
as-skitter,0.428714,256,32640,1,10,9.290748,0.125092,0.125092,74.2714,74.2714,prefix,1
as-skitter,0.438898,256,32640,1,10,8.897549,0.125092,0.125092,71.1281,71.1281,prefix,1
as-skitter,0.449082,256,32640,1,10,20.592065,0.329350,0.329350,62.5233,62.5233,prefix,1
as-skitter,0.459265,256,32640,1,10,13.006771,0.125123,0.125123,103.9523,103.9523,prefix,1
as-skitter,0.469449,256,32640,1,8,10.684743,0.120006,0.120006,89.0350,89.0350,prefix,1
as-skitter,0.479633,256,32640,1,8,14.589706,0.117433,0.117433,124.2390,124.2390,prefix,1
as-skitter,0.489816,256,32640,1,7,14.446722,0.114890,0.114890,125.7443,125.7443,prefix,1
as-skitter,0.500000,256,32640,1,7,13.338695,0.117433,0.117433,113.5860,113.5860,prefix,1
com-LiveJournal,0.001000,256,32640,12,12,24.708946,0.275735,0.275735,89.6111,89.6111,prefix,1
com-LiveJournal,0.011184,256,32640,7,8,27.777757,0.260417,0.260417,106.6666,106.6666,prefix,1
com-LiveJournal,0.021367,256,32640,2,3,21.460110,0.251471,0.251471,85.3385,85.3385,prefix,1
com-LiveJournal,0.031551,256,32640,1,1,41.009222,0.247641,0.247641,165.5995,165.5995,prefix,1
com-LiveJournal,0.041735,256,32640,1,1,28.380300,0.243811,0.243811,116.4027,116.4027,prefix,1
com-LiveJournal,0.051918,256,32640,0,1,28.319026,0.242555,0.242555,116.7529,116.7529,prefix,1
com-LiveJournal,0.062102,256,32640,0,1,22.778799,0.237439,0.237439,95.9355,95.9355,prefix,1
com-LiveJournal,0.072286,256,32640,0,1,25.089338,0.236183,0.236183,106.2286,106.2286,prefix,1
com-LiveJournal,0.082469,256,32640,0,1,23.040502,0.239982,0.239982,96.0094,96.0094,prefix,1
com-LiveJournal,0.092653,256,32640,0,1,22.079228,0.229779,0.229779,96.0888,96.0888,prefix,1
com-LiveJournal,0.102837,256,32640,0,0,22.047335,0.228493,0.228493,96.4903,96.4903,prefix,1
com-LiveJournal,0.113020,256,32640,0,0,26.002114,0.247641,0.247641,104.9993,104.9993,prefix,1
com-LiveJournal,0.123204,256,32640,0,0,24.988511,0.225950,0.225950,110.5932,110.5932,prefix,1
com-LiveJournal,0.133388,256,32640,0,0,27.168873,0.251471,0.251471,108.0400,108.0400,prefix,1
com-LiveJournal,0.143571,256,32640,0,0,30.318107,0.238695,0.238695,127.0162,127.0162,prefix,1
com-LiveJournal,0.153755,256,32640,0,0,28.382843,0.229779,0.229779,123.5221,123.5221,prefix,1
com-LiveJournal,0.163939,256,32640,0,0,21.738419,0.224663,0.224663,96.7601,96.7601,prefix,1
com-LiveJournal,0.174122,256,32640,0,0,26.129749,0.231036,0.231036,113.0984,113.0984,prefix,1
com-LiveJournal,0.184306,256,32640,0,0,36.099602,0.227206,0.227206,158.8850,158.8850,prefix,1
com-LiveJournal,0.194490,256,32640,0,0,24.592770,0.225950,0.225950,108.8418,108.8418,prefix,1
com-LiveJournal,0.204673,256,32640,0,0,27.031005,0.218290,0.218290,123.8305,123.8305,prefix,1
com-LiveJournal,0.214857,256,32640,0,0,30.878523,0.204259,0.204259,151.1737,151.1737,prefix,1
com-LiveJournal,0.225041,256,32640,0,0,23.681311,0.213174,0.213174,111.0891,111.0891,prefix,1
com-LiveJournal,0.235224,256,32640,0,0,21.915870,0.196599,0.196599,111.4748,111.4748,prefix,1
com-LiveJournal,0.245408,256,32640,0,0,24.554473,0.211918,0.211918,115.8679,115.8679,prefix,1
com-LiveJournal,0.255592,256,32640,0,0,28.137776,0.208088,0.208088,135.2204,135.2204,prefix,1
com-LiveJournal,0.265776,256,32640,0,0,21.740962,0.191483,0.191483,113.5400,113.5400,prefix,1
com-LiveJournal,0.275959,256,32640,0,0,23.026440,0.185110,0.185110,124.3931,124.3931,prefix,1
com-LiveJournal,0.286143,256,32640,0,0,30.907904,0.204259,0.204259,151.3175,151.3175,prefix,1
com-LiveJournal,0.296327,256,32640,0,0,22.634559,0.201685,0.201685,112.2273,112.2273,prefix,1
com-LiveJournal,0.306510,256,32640,0,0,25.661244,0.194056,0.194056,132.2360,132.2360,prefix,1
com-LiveJournal,0.316694,256,32640,0,0,26.093995,0.177451,0.177451,147.0490,147.0490,prefix,1
com-LiveJournal,0.326878,256,32640,0,0,23.290717,0.191483,0.191483,121.6334,121.6334,prefix,1
com-LiveJournal,0.337061,256,32640,0,0,24.245558,0.192770,0.192770,125.7748,125.7748,prefix,1
com-LiveJournal,0.347245,256,32640,0,0,21.743505,0.186366,0.186366,116.6707,116.6707,prefix,1
com-LiveJournal,0.357429,256,32640,0,0,24.762561,0.186366,0.186366,132.8703,132.8703,prefix,1
com-LiveJournal,0.367612,256,32640,0,0,21.398866,0.167218,0.167218,127.9698,127.9698,prefix,1
com-LiveJournal,0.377796,256,32640,0,0,26.907169,0.179994,0.179994,149.4894,149.4894,prefix,1
com-LiveJournal,0.387980,256,32640,0,0,27.689706,0.159559,0.159559,173.5392,173.5392,prefix,1
com-LiveJournal,0.398163,256,32640,0,0,24.790625,0.160846,0.160846,154.1269,154.1269,prefix,1
com-LiveJournal,0.408347,256,32640,0,0,22.074142,0.154473,0.154473,142.8996,142.8996,prefix,1
com-LiveJournal,0.418531,256,32640,0,0,23.277911,0.157016,0.157016,148.2519,148.2519,prefix,1
com-LiveJournal,0.428714,256,32640,0,0,24.571078,0.164675,0.164675,149.2093,149.2093,prefix,1
com-LiveJournal,0.438898,256,32640,0,0,23.196232,0.158303,0.158303,146.5309,146.5309,prefix,1
com-LiveJournal,0.449082,256,32640,0,0,23.591973,0.163388,0.163388,144.3919,144.3919,prefix,1
com-LiveJournal,0.459265,256,32640,0,0,23.086458,0.154442,0.154442,149.4826,149.4826,prefix,1
com-LiveJournal,0.469449,256,32640,0,0,26.958241,0.160846,0.160846,167.6032,167.6032,prefix,1
com-LiveJournal,0.479633,256,32640,0,0,36.621752,0.146814,0.146814,249.4437,249.4437,prefix,1
com-LiveJournal,0.489816,256,32640,0,0,34.806464,0.151900,0.151900,229.1414,229.1414,prefix,1
com-LiveJournal,0.500000,256,32640,0,0,28.852635,0.149357,0.149357,193.1795,193.1795,prefix,1
soc-Pokec,0.001000,256,32640,27,27,26.995251,0.357445,0.357445,75.5228,75.5228,prefix,1
soc-Pokec,0.011184,256,32640,11,20,29.608333,0.348499,0.348499,84.9596,84.9596,prefix,1
soc-Pokec,0.021367,256,32640,5,12,30.110049,0.326808,0.326808,92.1339,92.1339,prefix,1
soc-Pokec,0.031551,256,32640,1,7,25.329350,0.311489,0.311489,81.3170,81.3170,prefix,1
soc-Pokec,0.041735,256,32640,0,3,26.228033,0.301256,0.301256,87.0622,87.0622,prefix,1
soc-Pokec,0.051918,256,32640,0,2,28.373928,0.294884,0.294884,96.2208,96.2208,prefix,1
soc-Pokec,0.062102,256,32640,0,1,33.628217,0.305116,0.305116,110.2144,110.2144,prefix,1
soc-Pokec,0.072286,256,32640,0,0,26.922488,0.314032,0.314032,85.7317,85.7317,prefix,1
soc-Pokec,0.082469,256,32640,0,0,24.288971,0.316575,0.316575,76.7243,76.7243,prefix,1
soc-Pokec,0.092653,256,32640,0,0,29.142402,0.311489,0.311489,93.5584,93.5584,prefix,1
soc-Pokec,0.102837,256,32640,0,0,24.015778,0.300000,0.300000,80.0526,80.0526,prefix,1
soc-Pokec,0.113020,256,32640,0,0,25.065104,0.275735,0.275735,90.9028,90.9028,prefix,1
soc-Pokec,0.123204,256,32640,0,0,24.296599,0.273192,0.273192,88.9359,88.9359,prefix,1
soc-Pokec,0.133388,256,32640,0,0,26.884191,0.275735,0.275735,97.5000,97.5000,prefix,1
soc-Pokec,0.143571,256,32640,0,0,30.195558,0.294884,0.294884,102.3982,102.3982,prefix,1
soc-Pokec,0.153755,256,32640,0,0,26.469301,0.302543,0.302543,87.4894,87.4894,prefix,1
soc-Pokec,0.163939,256,32640,0,0,25.368934,0.259161,0.259161,97.8889,97.8889,prefix,1
soc-Pokec,0.174122,256,32640,0,0,26.219118,0.285938,0.285938,91.6953,91.6953,prefix,1
soc-Pokec,0.184306,256,32640,0,0,25.966330,0.284681,0.284681,91.2119,91.2119,prefix,1
soc-Pokec,0.194490,256,32640,0,0,27.387132,0.273192,0.273192,100.2485,100.2485,prefix,1
soc-Pokec,0.204673,256,32640,0,0,27.324602,0.273192,0.273192,100.0196,100.0196,prefix,1
soc-Pokec,0.214857,256,32640,0,0,29.818995,0.265533,0.265533,112.2986,112.2986,prefix,1
soc-Pokec,0.225041,256,32640,0,0,29.838113,0.271906,0.271906,109.7370,109.7370,prefix,1
soc-Pokec,0.235224,256,32640,0,0,26.058241,0.256587,0.256587,101.5571,101.5571,prefix,1
soc-Pokec,0.245408,256,32640,0,0,27.038634,0.255300,0.255300,105.9092,105.9092,prefix,1
soc-Pokec,0.255592,256,32640,0,0,30.305362,0.255300,0.255300,118.7048,118.7048,prefix,1
soc-Pokec,0.265776,256,32640,0,0,27.466299,0.228493,0.228493,120.2065,120.2065,prefix,1
soc-Pokec,0.275959,256,32640,0,0,27.475245,0.232322,0.232322,118.2635,118.2635,prefix,1
soc-Pokec,0.286143,256,32640,0,0,23.640472,0.243811,0.243811,96.9622,96.9622,prefix,1
soc-Pokec,0.296327,256,32640,0,0,30.619393,0.247641,0.247641,123.6443,123.6443,prefix,1
soc-Pokec,0.306510,256,32640,0,0,27.126746,0.242525,0.242525,111.8516,111.8516,prefix,1
soc-Pokec,0.316694,256,32640,0,0,30.374265,0.232353,0.232353,130.7247,130.7247,prefix,1
soc-Pokec,0.326878,256,32640,0,0,28.505423,0.231066,0.231066,123.3648,123.3648,prefix,1
soc-Pokec,0.337061,256,32640,0,0,30.222365,0.227237,0.227237,132.9996,132.9996,prefix,1
soc-Pokec,0.347245,256,32640,0,0,32.049112,0.217034,0.217034,147.6684,147.6684,prefix,1
soc-Pokec,0.357429,256,32640,0,0,31.200214,0.218290,0.218290,142.9298,142.9298,prefix,1
soc-Pokec,0.367612,256,32640,0,0,29.270067,0.204228,0.204228,143.3206,143.3206,prefix,1
soc-Pokec,0.377796,256,32640,0,0,24.258303,0.236152,0.236152,102.7233,102.7233,prefix,1
soc-Pokec,0.387980,256,32640,0,0,27.900337,0.209375,0.209375,133.2553,133.2553,prefix,1
soc-Pokec,0.398163,256,32640,0,0,27.630974,0.209344,0.209344,131.9881,131.9881,prefix,1
soc-Pokec,0.408347,256,32640,0,0,28.987929,0.190196,0.190196,152.4108,152.4108,prefix,1
soc-Pokec,0.418531,256,32640,0,0,29.234314,0.188909,0.188909,154.7532,154.7532,prefix,1
soc-Pokec,0.428714,256,32640,0,0,37.309804,0.208058,0.208058,179.3244,179.3244,prefix,1
soc-Pokec,0.438898,256,32640,0,0,26.849724,0.186366,0.186366,144.0695,144.0695,prefix,1
soc-Pokec,0.449082,256,32640,0,0,25.349786,0.182537,0.182537,138.8750,138.8750,prefix,1
soc-Pokec,0.459265,256,32640,0,0,30.893842,0.194026,0.194026,159.2255,159.2255,prefix,1
soc-Pokec,0.469449,256,32640,0,0,29.654320,0.185110,0.185110,160.1981,160.1981,prefix,1
soc-Pokec,0.479633,256,32640,0,0,28.025429,0.188940,0.188940,148.3298,148.3298,prefix,1
soc-Pokec,0.489816,256,32640,0,0,30.925735,0.183824,0.183824,168.2360,168.2360,prefix,1
soc-Pokec,0.500000,256,32640,0,0,28.165870,0.178738,0.178738,157.5821,157.5821,prefix,1
com-Orkut,0.001000,256,32640,145,153,71.338848,1.603339,1.603339,44.4939,44.4939,prefix,1
com-Orkut,0.011184,256,32640,21,91,79.867494,1.354412,1.354412,58.9684,58.9684,prefix,1
com-Orkut,0.021367,256,32640,6,50,80.383211,1.151471,1.151471,69.8092,69.8092,prefix,1
com-Orkut,0.031551,256,32640,2,30,101.720803,1.134865,1.134865,89.6325,89.6325,prefix,1
com-Orkut,0.041735,256,32640,2,20,87.468107,1.077390,1.077390,81.1852,81.1852,prefix,1
com-Orkut,0.051918,256,32640,1,10,74.571078,1.036550,1.036550,71.9416,71.9416,prefix,1
com-Orkut,0.062102,256,32640,0,7,77.652665,0.991881,0.991881,78.2883,78.2883,prefix,1
com-Orkut,0.072286,256,32640,0,5,73.479626,0.985509,0.985509,74.5601,74.5601,prefix,1
com-Orkut,0.082469,256,32640,0,3,80.822365,0.985509,0.985509,82.0108,82.0108,prefix,1
com-Orkut,0.092653,256,32640,0,1,74.597886,0.957414,0.957414,77.9160,77.9160,prefix,1
com-Orkut,0.102837,256,32640,0,1,90.480760,0.963787,0.963787,93.8805,93.8805,prefix,1
com-Orkut,0.113020,256,32640,0,1,89.242494,0.952298,0.952298,93.7128,93.7128,prefix,1
com-Orkut,0.123204,256,32640,0,1,81.846170,0.928064,0.928064,88.1902,88.1902,prefix,1
com-Orkut,0.133388,256,32640,0,1,80.780208,0.897426,0.897426,90.0132,90.0132,prefix,1
com-Orkut,0.143571,256,32640,0,0,76.718229,0.915288,0.915288,83.8187,83.8187,prefix,1
com-Orkut,0.153755,256,32640,0,0,98.170680,1.082506,1.082506,90.6883,90.6883,prefix,1
com-Orkut,0.163939,256,32640,0,0,81.192555,0.959988,0.959988,84.5767,84.5767,prefix,1
com-Orkut,0.174122,256,32640,0,0,76.607200,0.871875,0.871875,87.8649,87.8649,prefix,1
com-Orkut,0.184306,256,32640,0,0,133.150797,1.073591,1.073591,124.0238,124.0238,prefix,1
com-Orkut,0.194490,256,32640,0,0,103.395619,0.907629,0.907629,113.9184,113.9184,prefix,1
com-Orkut,0.204673,256,32640,0,0,91.567096,0.920404,0.920404,99.4857,99.4857,prefix,1
com-Orkut,0.214857,256,32640,0,0,76.127206,0.887194,0.887194,85.8068,85.8068,prefix,1
com-Orkut,0.225041,256,32640,0,0,90.326287,0.861673,0.861673,104.8267,104.8267,prefix,1
com-Orkut,0.235224,256,32640,0,0,89.543750,2.343750,2.343750,38.2053,38.2053,prefix,1
com-Orkut,0.245408,256,32640,0,0,76.589308,0.799142,0.799142,95.8394,95.8394,prefix,1
com-Orkut,0.255592,256,32640,0,0,94.426563,0.816973,0.816973,115.5810,115.5810,prefix,1
com-Orkut,0.265776,256,32640,0,0,77.170129,2.158670,2.158670,35.7489,35.7489,prefix,1
com-Orkut,0.275959,256,32640,0,0,78.112224,0.805515,0.805515,96.9718,96.9718,prefix,1
com-Orkut,0.286143,256,32640,0,0,99.877451,0.796569,0.796569,125.3846,125.3846,prefix,1
com-Orkut,0.296327,256,32640,0,0,78.345833,0.808058,0.808058,96.9558,96.9558,prefix,1
com-Orkut,0.306510,256,32640,0,0,80.822365,0.814461,0.814461,99.2342,99.2342,prefix,1
com-Orkut,0.316694,256,32640,0,0,76.337806,0.788909,0.788909,96.7637,96.7637,prefix,1
com-Orkut,0.326878,256,32640,0,0,107.013388,0.764645,0.764645,139.9518,139.9518,prefix,1
com-Orkut,0.337061,256,32640,0,0,79.349234,0.755699,0.755699,105.0012,105.0012,prefix,1
com-Orkut,0.347245,256,32640,0,0,95.323989,0.730178,0.730178,130.5490,130.5490,prefix,1
com-Orkut,0.357429,256,32640,0,0,84.226900,0.718719,0.718719,117.1902,117.1902,prefix,1
com-Orkut,0.367612,256,32640,0,0,79.444975,0.727635,0.727635,109.1825,109.1825,prefix,1
com-Orkut,0.377796,256,32640,0,0,80.118964,0.695741,0.695741,115.1562,115.1562,prefix,1
com-Orkut,0.387980,256,32640,0,0,85.231556,0.654871,0.654871,130.1501,130.1501,prefix,1
com-Orkut,0.398163,256,32640,0,0,132.470374,0.690594,0.690594,191.8208,191.8208,prefix,1
com-Orkut,0.408347,256,32640,0,0,85.407721,0.685509,0.685509,124.5903,124.5903,prefix,1
com-Orkut,0.418531,256,32640,0,0,152.928431,1.713143,1.713143,89.2677,89.2677,prefix,1
com-Orkut,0.428714,256,32640,0,0,97.003952,0.599969,0.599969,161.6815,161.6815,prefix,1
com-Orkut,0.438898,256,32640,0,0,76.411857,0.645925,0.645925,118.2983,118.2983,prefix,1
com-Orkut,0.449082,256,32640,0,0,79.930025,0.608915,0.608915,131.2662,131.2662,prefix,1
com-Orkut,0.459265,256,32640,0,0,124.240441,0.575735,0.575735,215.7944,215.7944,prefix,1
com-Orkut,0.469449,256,32640,0,0,89.986734,0.599969,0.599969,149.9855,149.9855,prefix,1
com-Orkut,0.479633,256,32640,0,0,90.516483,0.545067,0.545067,166.0648,166.0648,prefix,1
com-Orkut,0.489816,256,32640,0,0,101.302083,0.568045,0.568045,178.3345,178.3345,prefix,1
com-Orkut,0.500000,256,32640,0,0,86.128983,0.522120,0.522120,164.9601,164.9601,prefix,1
wiki-Talk,0.001000,256,32640,900,1003,15.534375,2.471415,2.471415,6.2856,6.2856,prefix,1
wiki-Talk,0.011184,256,32640,225,873,8.616728,1.599510,1.599510,5.3871,5.3871,prefix,1
wiki-Talk,0.021367,256,32640,123,775,12.032782,1.470588,1.470588,8.1823,8.1823,prefix,1
wiki-Talk,0.031551,256,32640,80,677,9.367341,1.392739,1.392739,6.7258,6.7258,prefix,1
wiki-Talk,0.041735,256,32640,47,601,16.676869,1.238266,1.238266,13.4679,13.4679,prefix,1
wiki-Talk,0.051918,256,32640,41,545,30.033456,4.743689,4.743689,6.3312,6.3312,prefix,1
wiki-Talk,0.062102,256,32640,36,501,21.102696,1.184651,1.184651,17.8134,17.8134,prefix,1
wiki-Talk,0.072286,256,32640,30,458,23.785999,1.110600,1.110600,21.4172,21.4172,prefix,1
wiki-Talk,0.082469,256,32640,26,410,14.326746,1.026348,1.026348,13.9590,13.9590,prefix,1
wiki-Talk,0.092653,256,32640,21,366,12.321293,0.925490,0.925490,13.3133,13.3133,prefix,1
wiki-Talk,0.102837,256,32640,18,324,25.736581,0.856556,0.856556,30.0466,30.0466,prefix,1
wiki-Talk,0.113020,256,32640,16,286,7.972059,0.794026,0.794026,10.0401,10.0401,prefix,1
wiki-Talk,0.123204,256,32640,16,266,17.878094,1.048039,1.048039,17.0586,17.0586,prefix,1
wiki-Talk,0.133388,256,32640,13,247,10.988572,0.741697,0.741697,14.8154,14.8154,prefix,1
wiki-Talk,0.143571,256,32640,13,212,11.002604,0.719975,0.719975,15.2819,15.2819,prefix,1
wiki-Talk,0.153755,256,32640,13,196,9.155453,0.702083,0.702083,13.0404,13.0404,prefix,1
wiki-Talk,0.163939,256,32640,13,168,10.034957,0.670190,0.670190,14.9733,14.9733,prefix,1
wiki-Talk,0.174122,256,32640,11,145,10.771538,0.611489,0.611489,17.6153,17.6153,prefix,1
wiki-Talk,0.184306,256,32640,11,124,20.304841,0.599969,0.599969,33.8431,33.8431,prefix,1
wiki-Talk,0.194490,256,32640,11,114,10.218781,0.585938,0.585938,17.4401,17.4401,prefix,1
wiki-Talk,0.204673,256,32640,9,104,9.643076,0.573192,0.573192,16.8235,16.8235,prefix,1
wiki-Talk,0.214857,256,32640,9,96,16.417739,0.536152,0.536152,30.6214,30.6214,prefix,1
wiki-Talk,0.225041,256,32640,9,88,14.145466,0.556587,0.556587,25.4147,25.4147,prefix,1
wiki-Talk,0.235224,256,32640,9,79,14.179933,0.509344,0.509344,27.8396,27.8396,prefix,1
wiki-Talk,0.245408,256,32640,9,69,12.925092,0.527206,0.527206,24.5162,24.5162,prefix,1
wiki-Talk,0.255592,256,32640,5,62,11.228554,0.485080,0.485080,23.1479,23.1479,prefix,1
wiki-Talk,0.265776,256,32640,5,54,15.414369,0.482537,0.482537,31.9444,31.9444,prefix,1
wiki-Talk,0.275959,256,32640,5,52,11.735325,0.448070,0.448070,26.1908,26.1908,prefix,1
wiki-Talk,0.286143,256,32640,5,42,9.844761,0.476134,0.476134,20.6765,20.6765,prefix,1
wiki-Talk,0.296327,256,32640,5,37,16.758578,0.449326,0.449326,37.2971,37.2971,prefix,1
wiki-Talk,0.306510,256,32640,5,35,28.473499,0.979136,0.979136,29.0802,29.0802,prefix,1
wiki-Talk,0.316694,256,32640,5,28,12.330208,0.426379,0.426379,28.9184,28.9184,prefix,1
wiki-Talk,0.326878,256,32640,5,24,12.405545,0.412347,0.412347,30.0852,30.0852,prefix,1
wiki-Talk,0.337061,256,32640,0,11,14.619087,0.402114,0.402114,36.3556,36.3556,prefix,1
wiki-Talk,0.347245,256,32640,0,10,15.739890,0.381710,0.381710,41.2353,41.2353,prefix,1
wiki-Talk,0.357429,256,32640,0,9,20.583119,0.388051,0.388051,53.0422,53.0422,prefix,1
wiki-Talk,0.367612,256,32640,0,9,16.789216,0.370190,0.370190,45.3530,45.3530,prefix,1
wiki-Talk,0.377796,256,32640,0,9,24.234069,0.381710,0.381710,63.4882,63.4882,prefix,1
wiki-Talk,0.387980,256,32640,0,9,8.883548,0.370190,0.370190,23.9973,23.9973,prefix,1
wiki-Talk,0.398163,256,32640,0,9,35.978370,0.359988,0.359988,99.9433,99.9433,prefix,1
wiki-Talk,0.408347,256,32640,0,8,11.445558,0.361244,0.361244,31.6837,31.6837,prefix,1
wiki-Talk,0.418531,256,32640,0,8,17.755576,0.381679,0.381679,46.5197,46.5197,prefix,1
wiki-Talk,0.428714,256,32640,0,8,11.519608,0.348499,0.348499,33.0549,33.0549,prefix,1
wiki-Talk,0.438898,256,32640,0,8,13.916973,0.344669,0.344669,40.3778,40.3778,prefix,1
wiki-Talk,0.449082,256,32640,0,8,9.495006,0.339553,0.339553,27.9633,27.9633,prefix,1
wiki-Talk,0.459265,256,32640,0,8,16.717708,0.322947,0.322947,51.7661,51.7661,prefix,1
wiki-Talk,0.469449,256,32640,0,8,32.276348,0.348499,0.348499,92.6154,92.6154,prefix,1
wiki-Talk,0.479633,256,32640,0,8,32.236765,0.311458,0.311458,103.5027,103.5027,prefix,1
wiki-Talk,0.489816,256,32640,0,8,32.402727,0.317862,0.317862,101.9398,101.9398,prefix,1
wiki-Talk,0.500000,256,32640,0,7,33.406097,0.353585,0.353585,94.4784,94.4784,prefix,1
dimension_003,0.001000,256,32640,0,0,15.141176,0.965074,0.965074,15.6891,15.6891,prefix,1
dimension_003,0.011184,256,32640,0,0,14.001225,2.291422,2.291422,6.1103,6.1103,prefix,1
dimension_003,0.021367,256,32640,0,0,7.929933,1.142525,1.142525,6.9407,6.9407,prefix,1
dimension_003,0.031551,256,32640,0,0,7.710355,0.949755,0.949755,8.1183,8.1183,prefix,1
dimension_003,0.041735,256,32640,0,0,8.799265,0.940809,0.940809,9.3529,9.3529,prefix,1
dimension_003,0.051918,256,32640,0,0,7.683578,0.938266,0.938266,8.1891,8.1891,prefix,1
dimension_003,0.062102,256,32640,0,0,12.418290,0.929320,0.929320,13.3628,13.3628,prefix,1
dimension_003,0.072286,256,32640,0,0,6.976379,0.899969,0.899969,7.7518,7.7518,prefix,1
dimension_003,0.082469,256,32640,0,0,10.615809,0.880821,0.880821,12.0522,12.0522,prefix,1
dimension_003,0.092653,256,32640,0,0,15.448836,2.246752,2.246752,6.8761,6.8761,prefix,1
dimension_003,0.102837,256,32640,0,0,19.597641,1.049326,1.049326,18.6764,18.6764,prefix,1
dimension_003,0.113020,256,32640,0,0,13.079534,0.893597,0.893597,14.6370,14.6370,prefix,1
dimension_003,0.123204,256,32640,0,0,7.992494,0.869332,0.869332,9.1938,9.1938,prefix,1
dimension_003,0.133388,256,32640,0,0,10.859651,0.864216,0.864216,12.5659,12.5659,prefix,1
dimension_003,0.143571,256,32640,0,0,18.337653,2.098652,2.098652,8.7378,8.7378,prefix,1
dimension_003,0.153755,256,32640,0,0,8.653738,0.829779,0.829779,10.4290,10.4290,prefix,1
dimension_003,0.163939,256,32640,0,0,7.941422,0.989308,0.989308,8.0273,8.0273,prefix,1
dimension_003,0.174122,256,32640,0,0,7.401440,0.984222,0.984222,7.5201,7.5201,prefix,1
dimension_003,0.184306,256,32640,0,0,14.096967,0.801654,0.801654,17.5848,17.5848,prefix,1
dimension_003,0.194490,256,32640,0,0,53.521998,2.005484,2.005484,26.6878,26.6878,prefix,1
dimension_003,0.204673,256,32640,0,0,16.565809,0.791452,0.791452,20.9309,20.9309,prefix,1
dimension_003,0.214857,256,32640,0,0,8.752053,0.777420,0.777420,11.2578,11.2578,prefix,1
dimension_003,0.225041,256,32640,0,0,47.291176,0.773591,0.773591,61.1320,61.1320,prefix,1
dimension_003,0.235224,256,32640,0,0,12.017463,0.755699,0.755699,15.9025,15.9025,prefix,1
dimension_003,0.245408,256,32640,0,0,9.127359,0.908885,0.908885,10.0424,10.0424,prefix,1
dimension_003,0.255592,256,32640,0,0,7.908241,0.887194,0.887194,8.9138,8.9138,prefix,1
dimension_003,0.265776,256,32640,0,0,7.986121,0.726379,0.726379,10.9944,10.9944,prefix,1
dimension_003,0.275959,256,32640,0,0,10.623468,0.732751,0.732751,14.4981,14.4981,prefix,1
dimension_003,0.286143,256,32640,0,0,8.726501,0.834865,0.834865,10.4526,10.4526,prefix,1
dimension_003,0.296327,256,32640,0,0,21.418015,0.839982,0.839982,25.4982,25.4982,prefix,1
dimension_003,0.306510,256,32640,0,0,7.119332,0.685509,0.685509,10.3855,10.3855,prefix,1
dimension_003,0.316694,256,32640,0,0,9.843505,0.820803,0.820803,11.9925,11.9925,prefix,1
dimension_003,0.326878,256,32640,0,0,8.463542,0.693168,0.693168,12.2099,12.2099,prefix,1
dimension_003,0.337061,256,32640,0,0,8.311642,0.666360,0.666360,12.4732,12.4732,prefix,1
dimension_003,0.347245,256,32640,0,0,10.065625,0.652328,0.652328,15.4303,15.4303,prefix,1
dimension_003,0.357429,256,32640,0,0,7.763971,0.763388,0.763388,10.1704,10.1704,prefix,1
dimension_003,0.367612,256,32640,0,0,9.496262,0.625521,0.625521,15.1814,15.1814,prefix,1
dimension_003,0.377796,256,32640,0,0,9.255025,0.731464,0.731464,12.6527,12.6527,prefix,1
dimension_003,0.387980,256,32640,0,0,8.032077,0.727635,0.727635,11.0386,11.0386,prefix,1
dimension_003,0.398163,256,32640,0,0,12.890625,1.526777,1.526777,8.4430,8.4430,prefix,1
dimension_003,0.408347,256,32640,0,0,8.370343,0.712316,0.712316,11.7509,11.7509,prefix,1
dimension_003,0.418531,256,32640,0,0,6.893382,0.589767,0.589767,11.6883,11.6883,prefix,1
dimension_003,0.428714,256,32640,0,0,9.530729,0.575735,0.575735,16.5540,16.5540,prefix,1
dimension_003,0.438898,256,32640,0,0,11.949816,0.565502,0.565502,21.1313,21.1313,prefix,1
dimension_003,0.449082,256,32640,0,0,17.207904,0.574449,0.574449,29.9555,29.9555,prefix,1
dimension_003,0.459265,256,32640,0,0,8.375460,0.547641,0.547641,15.2937,15.2937,prefix,1
dimension_003,0.469449,256,32640,0,0,11.677911,0.638266,0.638266,18.2963,18.2963,prefix,1
dimension_003,0.479633,256,32640,0,0,7.415472,0.564246,0.564246,13.1423,13.1423,prefix,1
dimension_003,0.489816,256,32640,0,0,12.441268,0.531036,0.531036,23.4283,23.4283,prefix,1
dimension_003,0.500000,256,32640,0,0,9.389062,0.538695,0.538695,17.4293,17.4293,prefix,1
dimension_008,0.001000,256,32640,19862,19879,15.238205,48.526869,15.238205,0.3140,1.0000,exact,1
dimension_008,0.011184,256,32640,16979,17004,12.500000,46.619669,12.500000,0.2681,1.0000,exact,1
dimension_008,0.021367,256,32640,15676,15701,12.365962,43.679779,12.365962,0.2831,1.0000,exact,1
dimension_008,0.031551,256,32640,14652,14689,14.958640,41.397335,14.958640,0.3613,1.0000,exact,1
dimension_008,0.041735,256,32640,13720,13806,12.963388,39.714828,12.963388,0.3264,1.0000,exact,1
dimension_008,0.051918,256,32640,13155,13260,12.117034,38.726777,12.117034,0.3129,1.0000,exact,1
dimension_008,0.062102,256,32640,12502,12651,11.113664,34.765625,11.113664,0.3197,1.0000,exact,1
dimension_008,0.072286,256,32640,11964,12106,33.752053,45.602267,33.752053,0.7401,1.0000,exact,1
dimension_008,0.082469,256,32640,11528,11688,17.723652,34.801348,17.723652,0.5093,1.0000,exact,1
dimension_008,0.092653,256,32640,10965,11153,16.636029,35.694945,16.636029,0.4661,1.0000,exact,1
dimension_008,0.102837,256,32640,10549,10787,11.771078,30.810876,11.771078,0.3820,1.0000,exact,1
dimension_008,0.113020,256,32640,10073,10355,32.126991,30.648744,32.126991,1.0482,1.0000,exact,1
dimension_008,0.123204,256,32640,9823,10077,36.190257,28.128830,36.190257,1.2866,1.0000,exact,1
dimension_008,0.133388,256,32640,9406,9694,15.087561,32.156342,15.087561,0.4692,1.0000,exact,1
dimension_008,0.143571,256,32640,8900,9249,13.213603,26.904626,13.213603,0.4911,1.0000,exact,1
dimension_008,0.153755,256,32640,8754,9101,11.043444,26.076134,11.043444,0.4235,1.0000,exact,1
dimension_008,0.163939,256,32640,8522,8891,12.282996,25.370190,12.282996,0.4842,1.0000,exact,1
dimension_008,0.174122,256,32640,8008,8412,14.140349,25.029350,14.140349,0.5650,1.0000,exact,1
dimension_008,0.184306,256,32640,7750,8159,10.946446,23.978768,10.946446,0.4565,1.0000,exact,1
dimension_008,0.194490,256,32640,7606,7978,11.707261,23.506434,11.707261,0.4980,1.0000,exact,1
dimension_008,0.204673,256,32640,7178,7569,11.183885,22.619210,11.183885,0.4944,1.0000,exact,1
dimension_008,0.214857,256,32640,6994,7397,10.550705,21.069485,10.550705,0.5008,1.0000,exact,1
dimension_008,0.225041,256,32640,6740,7149,13.080821,24.701287,13.080821,0.5296,1.0000,exact,1
dimension_008,0.235224,256,32640,6615,7005,11.735325,22.753248,11.735325,0.5158,1.0000,exact,1
dimension_008,0.245408,256,32640,6470,6868,16.074357,22.563051,16.074357,0.7124,1.0000,exact,1
dimension_008,0.255592,256,32640,5681,6453,12.679994,19.210846,12.679994,0.6600,1.0000,exact,1
dimension_008,0.265776,256,32640,5570,6331,11.224724,18.421936,11.224724,0.6093,1.0000,exact,1
dimension_008,0.275959,256,32640,5431,6207,13.799510,18.119363,13.799510,0.7616,1.0000,exact,1
dimension_008,0.286143,256,32640,5101,5925,20.561428,20.701869,20.561428,0.9932,1.0000,exact,1
dimension_008,0.296327,256,32640,4985,5823,11.543842,18.744884,11.543842,0.6158,1.0000,exact,1
dimension_008,0.306510,256,32640,4864,5711,53.867953,16.291360,53.867953,3.3065,1.0000,exact,1
dimension_008,0.316694,256,32640,4775,5579,13.549326,19.093382,13.549326,0.7096,1.0000,exact,1
dimension_008,0.326878,256,32640,4691,5521,12.682537,14.897365,12.682537,0.8513,1.0000,exact,1
dimension_008,0.337061,256,32640,4011,4676,10.310692,15.484559,15.484559,0.6659,0.6659,prefix,1
dimension_008,0.347245,256,32640,3955,4600,17.394301,15.009712,15.009712,1.1589,1.1589,prefix,1
dimension_008,0.357429,256,32640,3851,4501,10.998775,14.063756,14.063756,0.7821,0.7821,prefix,1
dimension_008,0.367612,256,32640,3749,4413,12.291942,15.299479,15.299479,0.8034,0.8034,prefix,1
dimension_008,0.377796,256,32640,3622,4283,16.216054,12.491054,12.491054,1.2982,1.2982,prefix,1
dimension_008,0.387980,256,32640,3537,4204,14.404626,15.175643,15.175643,0.9492,0.9492,prefix,1
dimension_008,0.398163,256,32640,3486,4146,14.653523,12.616176,12.616176,1.1615,1.1615,prefix,1
dimension_008,0.408347,256,32640,3218,3885,12.325123,11.245129,11.245129,1.0960,1.0960,prefix,1
dimension_008,0.418531,256,32640,3099,3784,14.049755,12.997855,12.997855,1.0809,1.0809,prefix,1
dimension_008,0.428714,256,32640,2971,3647,15.539461,14.870558,14.870558,1.0450,1.0450,prefix,1
dimension_008,0.438898,256,32640,2927,3588,10.172855,10.098805,10.098805,1.0073,1.0073,prefix,1
dimension_008,0.449082,256,32640,2817,3494,12.783395,12.645527,12.645527,1.0109,1.0109,prefix,1
dimension_008,0.459265,256,32640,2728,3406,29.640257,31.530852,31.530852,0.9400,0.9400,prefix,1
dimension_008,0.469449,256,32640,2664,3353,15.142463,9.302237,9.302237,1.6278,1.6278,prefix,1
dimension_008,0.479633,256,32640,2603,3280,23.554933,11.455760,11.455760,2.0562,2.0562,prefix,1
dimension_008,0.489816,256,32640,2564,3243,11.314093,8.737990,8.737990,1.2948,1.2948,prefix,1
dimension_008,0.500000,256,32640,2549,3228,20.821844,11.099632,11.099632,1.8759,1.8759,prefix,1
uscensus2000,0.001000,200,19900,0,0,11.660402,0.397839,0.397839,29.3093,29.3093,prefix,1
uscensus2000,0.011184,200,19900,0,0,7.234070,0.483668,0.483668,14.9567,14.9567,prefix,1
uscensus2000,0.021367,200,19900,0,0,9.524724,0.481558,0.481558,19.7790,19.7790,prefix,1
uscensus2000,0.031551,200,19900,0,0,5.862613,0.402010,0.402010,14.5832,14.5832,prefix,1
uscensus2000,0.041735,200,19900,0,0,25.667889,0.464824,0.464824,55.2206,55.2206,prefix,1
uscensus2000,0.051918,200,19900,0,0,19.149899,0.387337,0.387337,49.4399,49.4399,prefix,1
uscensus2000,0.062102,200,19900,0,0,12.510452,0.387337,0.387337,32.2987,32.2987,prefix,1
uscensus2000,0.072286,200,19900,0,0,10.785176,0.383166,0.383166,28.1475,28.1475,prefix,1
uscensus2000,0.082469,200,19900,0,0,5.896131,0.383166,0.383166,15.3879,15.3879,prefix,1
uscensus2000,0.092653,200,19900,0,0,11.815327,0.450201,0.450201,26.2446,26.2446,prefix,1
uscensus2000,0.102837,200,19900,0,0,6.224874,0.378945,0.378945,16.4269,16.4269,prefix,1
uscensus2000,0.113020,200,19900,0,0,6.836231,0.368492,0.368492,18.5519,18.5519,prefix,1
uscensus2000,0.123204,200,19900,0,0,64.459799,0.977839,0.977839,65.9207,65.9207,prefix,1
uscensus2000,0.133388,200,19900,0,0,11.344221,0.372714,0.372714,30.4368,30.4368,prefix,1
uscensus2000,0.143571,200,19900,0,0,6.714824,0.353819,0.353819,18.9781,18.9781,prefix,1
uscensus2000,0.153755,200,19900,0,0,5.642814,0.353819,0.353819,15.9483,15.9483,prefix,1
uscensus2000,0.163939,200,19900,0,0,5.351759,0.353819,0.353819,15.1257,15.1257,prefix,1
uscensus2000,0.174122,200,19900,0,0,9.311156,0.341256,0.341256,27.2849,27.2849,prefix,1
uscensus2000,0.184306,200,19900,0,0,6.486583,0.337085,0.337085,19.2431,19.2431,prefix,1
uscensus2000,0.194490,200,19900,0,0,5.929648,0.345477,0.345477,17.1636,17.1636,prefix,1
uscensus2000,0.204673,200,19900,0,0,7.062412,0.341307,0.341307,20.6923,20.6923,prefix,1
uscensus2000,0.214857,200,19900,0,0,23.404523,0.322462,0.322462,72.5806,72.5806,prefix,1
uscensus2000,0.225041,200,19900,0,0,39.463970,0.852161,0.852161,46.3105,46.3105,prefix,1
uscensus2000,0.235224,200,19900,0,0,5.981960,0.326633,0.326633,18.3140,18.3140,prefix,1
uscensus2000,0.245408,200,19900,0,0,5.835427,0.311960,0.311960,18.7057,18.7057,prefix,1
uscensus2000,0.255592,200,19900,0,0,5.399899,0.305678,0.305678,17.6653,17.6653,prefix,1
uscensus2000,0.265776,200,19900,0,0,6.601759,0.368543,0.368543,17.9131,17.9131,prefix,1
uscensus2000,0.275959,200,19900,0,0,8.754171,0.307789,0.307789,28.4421,28.4421,prefix,1
uscensus2000,0.286143,200,19900,0,0,20.311960,0.314070,0.314070,64.6733,64.6733,prefix,1
uscensus2000,0.296327,200,19900,0,0,6.126432,0.309849,0.309849,19.7723,19.7723,prefix,1
uscensus2000,0.306510,200,19900,0,0,5.464824,0.295226,0.295226,18.5106,18.5106,prefix,1
uscensus2000,0.316694,200,19900,0,0,6.538945,0.284774,0.284774,22.9619,22.9619,prefix,1
uscensus2000,0.326878,200,19900,0,0,10.617688,0.334975,0.334975,31.6970,31.6970,prefix,1
uscensus2000,0.337061,200,19900,0,0,7.079146,0.282663,0.282663,25.0444,25.0444,prefix,1
uscensus2000,0.347245,200,19900,0,0,6.777638,0.320352,0.320352,21.1569,21.1569,prefix,1
uscensus2000,0.357429,200,19900,0,0,30.963116,0.718191,0.718191,43.1127,43.1127,prefix,1
uscensus2000,0.367612,200,19900,0,0,7.828744,0.265930,0.265930,29.4392,29.4392,prefix,1
uscensus2000,0.377796,200,19900,0,0,5.311960,0.259648,0.259648,20.4583,20.4583,prefix,1
uscensus2000,0.387980,200,19900,0,0,7.453920,0.257538,0.257538,28.9430,28.9430,prefix,1
uscensus2000,0.398163,200,19900,0,0,5.693015,0.255427,0.255427,22.2882,22.2882,prefix,1
uscensus2000,0.408347,200,19900,0,0,12.500000,0.280553,0.280553,44.5549,44.5549,prefix,1
uscensus2000,0.418531,200,19900,0,0,8.542714,0.295226,0.295226,28.9362,28.9362,prefix,1
uscensus2000,0.428714,200,19900,0,0,8.565729,0.247085,0.247085,34.6671,34.6671,prefix,1
uscensus2000,0.438898,200,19900,0,0,5.617688,0.244975,0.244975,22.9317,22.9317,prefix,1
uscensus2000,0.449082,200,19900,0,0,7.849698,0.276382,0.276382,28.4016,28.4016,prefix,1
uscensus2000,0.459265,200,19900,0,0,5.663719,0.276382,0.276382,20.4924,20.4924,prefix,1
uscensus2000,0.469449,200,19900,0,0,8.094623,0.276382,0.276382,29.2878,29.2878,prefix,1
uscensus2000,0.479633,200,19900,0,0,6.124372,0.261759,0.261759,23.3970,23.3970,prefix,1
uscensus2000,0.489816,200,19900,0,0,5.244975,0.221910,0.221910,23.6356,23.6356,prefix,1
uscensus2000,0.500000,200,19900,0,0,5.806080,0.257538,0.257538,22.5446,22.5446,prefix,1
census1881,0.001000,200,19900,64,556,86.718995,89.128945,89.128945,0.9730,0.9730,prefix,1
census1881,0.011184,200,19900,1,325,90.228241,76.767186,76.767186,1.1753,1.1753,prefix,1
census1881,0.021367,200,19900,1,22,91.823719,75.864724,75.864724,1.2104,1.2104,prefix,1
census1881,0.031551,200,19900,1,19,94.646181,74.778040,74.778040,1.2657,1.2657,prefix,1
census1881,0.041735,200,19900,1,18,104.053618,71.928392,71.928392,1.4466,1.4466,prefix,1
census1881,0.051918,200,19900,1,16,99.227387,70.498342,70.498342,1.4075,1.4075,prefix,1
census1881,0.062102,200,19900,1,14,78.038090,72.123116,72.123116,1.0820,1.0820,prefix,1
census1881,0.072286,200,19900,1,12,85.948492,73.004573,73.004573,1.1773,1.1773,prefix,1
census1881,0.082469,200,19900,1,9,82.767990,70.672111,70.672111,1.1712,1.1712,prefix,1
census1881,0.092653,200,19900,1,7,87.031005,66.654121,66.654121,1.3057,1.3057,prefix,1
census1881,0.102837,200,19900,1,6,89.790653,79.627286,79.627286,1.1276,1.1276,prefix,1
census1881,0.113020,200,19900,1,6,92.705176,68.465276,68.465276,1.3540,1.3540,prefix,1
census1881,0.123204,200,19900,1,3,81.685477,63.923819,63.923819,1.2779,1.2779,prefix,1
census1881,0.133388,200,19900,1,2,80.655327,64.786432,64.786432,1.2449,1.2449,prefix,1
census1881,0.143571,200,19900,1,2,92.051960,63.048543,63.048543,1.4600,1.4600,prefix,1
census1881,0.153755,200,19900,1,2,89.928794,62.820352,62.820352,1.4315,1.4315,prefix,1
census1881,0.163939,200,19900,1,1,109.183417,63.915427,63.915427,1.7082,1.7082,prefix,1
census1881,0.174122,200,19900,1,1,101.398643,64.294372,64.294372,1.5771,1.5771,prefix,1
census1881,0.184306,200,19900,1,1,86.086683,60.757940,60.757940,1.4169,1.4169,prefix,1
census1881,0.194490,200,19900,1,1,93.113467,61.141156,61.141156,1.5229,1.5229,prefix,1
census1881,0.204673,200,19900,1,1,95.406231,64.870201,64.870201,1.4707,1.4707,prefix,1
census1881,0.214857,200,19900,1,1,102.399497,60.303618,60.303618,1.6981,1.6981,prefix,1
census1881,0.225041,200,19900,1,1,96.748342,57.665427,57.665427,1.6778,1.6778,prefix,1
census1881,0.235224,200,19900,1,1,120.513015,68.934271,68.934271,1.7482,1.7482,prefix,1
census1881,0.245408,200,19900,1,1,95.764221,53.984472,53.984472,1.7739,1.7739,prefix,1
census1881,0.255592,200,19900,1,1,88.444322,57.357638,57.357638,1.5420,1.5420,prefix,1
census1881,0.265776,200,19900,1,1,104.855528,81.631055,81.631055,1.2845,1.2845,prefix,1
census1881,0.275959,200,19900,1,1,95.441809,63.188844,63.188844,1.5104,1.5104,prefix,1
census1881,0.286143,200,19900,1,1,95.211457,51.840452,51.840452,1.8366,1.8366,prefix,1
census1881,0.296327,200,19900,1,1,85.207286,51.425879,51.425879,1.6569,1.6569,prefix,1
census1881,0.306510,200,19900,1,1,94.470251,51.084573,51.084573,1.8493,1.8493,prefix,1
census1881,0.316694,200,19900,1,1,92.483216,50.770503,50.770503,1.8216,1.8216,prefix,1
census1881,0.326878,200,19900,1,1,90.186382,52.376482,52.376482,1.7219,1.7219,prefix,1
census1881,0.337061,200,19900,1,1,100.600955,49.560302,49.560302,2.0299,2.0299,prefix,1
census1881,0.347245,200,19900,1,1,96.092965,49.141508,49.141508,1.9554,1.9554,prefix,1
census1881,0.357429,200,19900,1,1,92.590000,46.731558,46.731558,1.9813,1.9813,prefix,1
census1881,0.367612,200,19900,1,1,88.716482,46.802764,46.802764,1.8955,1.8955,prefix,1
census1881,0.377796,200,19900,1,1,128.205628,47.650754,47.650754,2.6905,2.6905,prefix,1
census1881,0.387980,200,19900,1,1,94.141508,44.809447,44.809447,2.1009,2.1009,prefix,1
census1881,0.398163,200,19900,1,1,96.302362,45.140302,45.140302,2.1334,2.1334,prefix,1
census1881,0.408347,200,19900,1,1,87.642362,42.918794,42.918794,2.0421,2.0421,prefix,1
census1881,0.418531,200,19900,1,1,100.427136,44.667085,44.667085,2.2483,2.2483,prefix,1
census1881,0.428714,200,19900,1,1,103.435930,41.677136,41.677136,2.4818,2.4818,prefix,1
census1881,0.438898,200,19900,1,1,94.520503,40.818643,40.818643,2.3156,2.3156,prefix,1
census1881,0.449082,200,19900,1,1,83.657889,43.149095,43.149095,1.9388,1.9388,prefix,1
census1881,0.459265,200,19900,1,1,83.358442,39.440955,39.440955,2.1135,2.1135,prefix,1
census1881,0.469449,200,19900,1,1,91.373568,40.766332,40.766332,2.2414,2.2414,prefix,1
census1881,0.479633,200,19900,1,1,89.384422,38.232814,38.232814,2.3379,2.3379,prefix,1
census1881,0.489816,200,19900,1,1,104.292312,38.033920,38.033920,2.7421,2.7421,prefix,1
census1881,0.500000,200,19900,1,1,86.679196,36.637337,36.637337,2.3659,2.3659,prefix,1
census1881_srt,0.001000,200,19900,52,436,59.941357,65.751658,65.751658,0.9116,0.9116,prefix,1
census1881_srt,0.011184,200,19900,4,239,64.763417,51.499196,51.499196,1.2576,1.2576,prefix,1
census1881_srt,0.021367,200,19900,1,154,77.816181,53.337487,53.337487,1.4589,1.4589,prefix,1
census1881_srt,0.031551,200,19900,1,85,67.698894,52.943869,52.943869,1.2787,1.2787,prefix,1
census1881_srt,0.041735,200,19900,1,26,80.757940,42.897789,42.897789,1.8826,1.8826,prefix,1
census1881_srt,0.051918,200,19900,1,22,87.397387,38.808593,38.808593,2.2520,2.2520,prefix,1
census1881_srt,0.062102,200,19900,1,16,63.923769,40.023015,40.023015,1.5972,1.5972,prefix,1
census1881_srt,0.072286,200,19900,1,16,87.313618,41.266784,41.266784,2.1158,2.1158,prefix,1
census1881_srt,0.082469,200,19900,1,12,99.267186,38.337538,38.337538,2.5893,2.5893,prefix,1
census1881_srt,0.092653,200,19900,1,11,68.287236,37.657035,37.657035,1.8134,1.8134,prefix,1
census1881_srt,0.102837,200,19900,1,11,79.392814,37.824573,37.824573,2.0990,2.0990,prefix,1
census1881_srt,0.113020,200,19900,1,9,124.677588,38.046482,38.046482,3.2770,3.2770,prefix,1
census1881_srt,0.123204,200,19900,1,9,83.203518,36.626884,36.626884,2.2717,2.2717,prefix,1
census1881_srt,0.133388,200,19900,1,2,85.188442,36.172513,36.172513,2.3551,2.3551,prefix,1
census1881_srt,0.143571,200,19900,1,1,87.206884,34.648241,34.648241,2.5169,2.5169,prefix,1
census1881_srt,0.153755,200,19900,1,1,77.064523,35.454372,35.454372,2.1736,2.1736,prefix,1
census1881_srt,0.163939,200,19900,1,1,330.619749,90.146583,90.146583,3.6676,3.6676,prefix,1
census1881_srt,0.174122,200,19900,1,1,98.944724,34.920402,34.920402,2.8334,2.8334,prefix,1
census1881_srt,0.184306,200,19900,1,1,73.955226,34.195980,34.195980,2.1627,2.1627,prefix,1
census1881_srt,0.194490,200,19900,1,1,73.318693,34.212714,34.212714,2.1430,2.1430,prefix,1
census1881_srt,0.204673,200,19900,1,1,105.634422,36.394472,36.394472,2.9025,2.9025,prefix,1
census1881_srt,0.214857,200,19900,1,1,71.279296,32.223618,32.223618,2.2120,2.2120,prefix,1
census1881_srt,0.225041,200,19900,1,1,80.676332,31.840452,31.840452,2.5338,2.5338,prefix,1
census1881_srt,0.235224,200,19900,1,1,70.280553,33.431759,33.431759,2.1022,2.1022,prefix,1
census1881_srt,0.245408,200,19900,1,1,79.095477,31.532663,31.532663,2.5084,2.5084,prefix,1
census1881_srt,0.255592,200,19900,1,1,86.206030,31.040603,31.040603,2.7772,2.7772,prefix,1
census1881_srt,0.265776,200,19900,1,1,70.699347,30.414573,30.414573,2.3245,2.3245,prefix,1
census1881_srt,0.275959,200,19900,1,1,67.786884,30.847990,30.847990,2.1974,2.1974,prefix,1
census1881_srt,0.286143,200,19900,1,1,66.141106,30.477387,30.477387,2.1702,2.1702,prefix,1
census1881_srt,0.296327,200,19900,1,1,78.216080,29.329950,29.329950,2.6668,2.6668,prefix,1
census1881_srt,0.306510,200,19900,1,1,64.775980,29.124774,29.124774,2.2241,2.2241,prefix,1
census1881_srt,0.316694,200,19900,1,1,117.070754,32.902010,32.902010,3.5582,3.5582,prefix,1
census1881_srt,0.326878,200,19900,1,1,73.542714,28.567839,28.567839,2.5743,2.5743,prefix,1
census1881_srt,0.337061,200,19900,1,1,120.632312,28.201457,28.201457,4.2775,4.2775,prefix,1
census1881_srt,0.347245,200,19900,1,1,218.525980,28.320754,28.320754,7.7161,7.7161,prefix,1
census1881_srt,0.357429,200,19900,1,1,86.670854,26.926281,26.926281,3.2188,3.2188,prefix,1
census1881_srt,0.367612,200,19900,1,1,73.538543,25.795628,25.795628,2.8508,2.8508,prefix,1
census1881_srt,0.377796,200,19900,1,1,105.454372,26.534774,26.534774,3.9742,3.9742,prefix,1
census1881_srt,0.387980,200,19900,1,1,155.477387,27.736633,27.736633,5.6055,5.6055,prefix,1
census1881_srt,0.398163,200,19900,1,1,93.582513,25.098392,25.098392,3.7286,3.7286,prefix,1
census1881_srt,0.408347,200,19900,1,1,214.183417,79.796884,79.796884,2.6841,2.6841,prefix,1
census1881_srt,0.418531,200,19900,1,1,80.948492,25.776784,25.776784,3.1404,3.1404,prefix,1
census1881_srt,0.428714,200,19900,1,1,72.757538,23.865126,23.865126,3.0487,3.0487,prefix,1
census1881_srt,0.438898,200,19900,1,1,86.134824,23.890302,23.890302,3.6054,3.6054,prefix,1
census1881_srt,0.449082,200,19900,1,1,169.819950,55.686734,55.686734,3.0496,3.0496,prefix,1
census1881_srt,0.459265,200,19900,1,1,122.617286,23.463166,23.463166,5.2259,5.2259,prefix,1
census1881_srt,0.469449,200,19900,1,1,237.558593,32.332513,32.332513,7.3474,7.3474,prefix,1
census1881_srt,0.479633,200,19900,1,1,208.377286,22.236181,22.236181,9.3711,9.3711,prefix,1
census1881_srt,0.489816,200,19900,1,1,122.937588,21.639447,21.639447,5.6812,5.6812,prefix,1
census1881_srt,0.500000,200,19900,1,1,140.445980,20.816583,20.816583,6.7468,6.7468,prefix,1
wikileaks-noquotes,0.001000,200,19900,612,1042,194.621005,51.427940,51.427940,3.7843,3.7843,prefix,1
wikileaks-noquotes,0.011184,200,19900,12,832,233.693467,67.874774,67.874774,3.4430,3.4430,prefix,1
wikileaks-noquotes,0.021367,200,19900,8,626,180.002111,48.766734,48.766734,3.6911,3.6911,prefix,1
wikileaks-noquotes,0.031551,200,19900,8,459,227.158744,38.791910,38.791910,5.8558,5.8558,prefix,1
wikileaks-noquotes,0.041735,200,19900,8,279,199.355126,34.600101,34.600101,5.7617,5.7617,prefix,1
wikileaks-noquotes,0.051918,200,19900,8,118,131.997487,22.644472,22.644472,5.8291,5.8291,prefix,1
wikileaks-noquotes,0.062102,200,19900,8,59,180.925477,21.670854,21.670854,8.3488,8.3488,prefix,1
wikileaks-noquotes,0.072286,200,19900,8,45,126.095075,20.471106,20.471106,6.1597,6.1597,prefix,1
wikileaks-noquotes,0.082469,200,19900,8,41,127.177588,20.757940,20.757940,6.1267,6.1267,prefix,1
wikileaks-noquotes,0.092653,200,19900,8,32,146.463568,21.593367,21.593367,6.7828,6.7828,prefix,1
wikileaks-noquotes,0.102837,200,19900,8,24,169.015930,21.402814,21.402814,7.8969,7.8969,prefix,1
wikileaks-noquotes,0.113020,200,19900,8,23,138.270503,19.738291,19.738291,7.0052,7.0052,prefix,1
wikileaks-noquotes,0.123204,200,19900,8,16,170.307789,19.325779,19.325779,8.8125,8.8125,prefix,1
wikileaks-noquotes,0.133388,200,19900,8,15,143.785578,19.778040,19.778040,7.2700,7.2700,prefix,1
wikileaks-noquotes,0.143571,200,19900,8,11,177.030955,18.628593,18.628593,9.5032,9.5032,prefix,1
wikileaks-noquotes,0.153755,200,19900,8,9,142.035176,18.419146,18.419146,7.7113,7.7113,prefix,1
wikileaks-noquotes,0.163939,200,19900,8,9,146.731558,18.505025,18.505025,7.9293,7.9293,prefix,1
wikileaks-noquotes,0.174122,200,19900,8,8,166.779698,19.832513,19.832513,8.4094,8.4094,prefix,1
wikileaks-noquotes,0.184306,200,19900,8,8,193.999146,18.109296,18.109296,10.7127,10.7127,prefix,1
wikileaks-noquotes,0.194490,200,19900,8,8,157.353417,18.500854,18.500854,8.5052,8.5052,prefix,1
wikileaks-noquotes,0.204673,200,19900,8,8,166.664573,18.747889,18.747889,8.8898,8.8898,prefix,1
wikileaks-noquotes,0.214857,200,19900,8,8,137.100101,17.506281,17.506281,7.8315,7.8315,prefix,1
wikileaks-noquotes,0.225041,200,19900,8,8,141.597538,17.179648,17.179648,8.2422,8.2422,prefix,1
wikileaks-noquotes,0.235224,200,19900,8,8,169.845075,16.964020,16.964020,10.0121,10.0121,prefix,1
wikileaks-noquotes,0.245408,200,19900,8,8,140.395729,16.834171,16.834171,8.3399,8.3399,prefix,1
wikileaks-noquotes,0.255592,200,19900,8,8,161.478241,16.097186,16.097186,10.0315,10.0315,prefix,1
wikileaks-noquotes,0.265776,200,19900,8,8,136.832111,16.515879,16.515879,8.2849,8.2849,prefix,1
wikileaks-noquotes,0.275959,200,19900,8,8,127.489548,15.910804,15.910804,8.0128,8.0128,prefix,1
wikileaks-noquotes,0.286143,200,19900,8,8,142.610955,15.856382,15.856382,8.9939,8.9939,prefix,1
wikileaks-noquotes,0.296327,200,19900,8,8,129.392814,15.276382,15.276382,8.4701,8.4701,prefix,1
wikileaks-noquotes,0.306510,200,19900,8,8,202.363920,15.182161,15.182161,13.3291,13.3291,prefix,1
wikileaks-noquotes,0.316694,200,19900,8,8,157.424623,15.157035,15.157035,10.3862,10.3862,prefix,1
wikileaks-noquotes,0.326878,200,19900,8,8,119.520503,14.874372,14.874372,8.0353,8.0353,prefix,1
wikileaks-noquotes,0.337061,200,19900,8,8,187.770101,14.721558,14.721558,12.7548,12.7548,prefix,1
wikileaks-noquotes,0.347245,200,19900,8,8,127.587940,15.134020,15.134020,8.4305,8.4305,prefix,1
wikileaks-noquotes,0.357429,200,19900,8,8,174.244121,15.448090,15.448090,11.2793,11.2793,prefix,1
wikileaks-noquotes,0.367612,200,19900,8,8,136.580804,14.028492,14.028492,9.7360,9.7360,prefix,1
wikileaks-noquotes,0.377796,200,19900,8,8,133.463166,13.624372,13.624372,9.7959,9.7959,prefix,1
wikileaks-noquotes,0.387980,200,19900,8,8,146.356784,15.077487,15.077487,9.7070,9.7070,prefix,1
wikileaks-noquotes,0.398163,200,19900,8,8,139.152010,13.299849,13.299849,10.4627,10.4627,prefix,1
wikileaks-noquotes,0.408347,200,19900,8,8,130.917085,13.314472,13.314472,9.8327,9.8327,prefix,1
wikileaks-noquotes,0.418531,200,19900,8,8,115.039749,13.467337,13.467337,8.5421,8.5421,prefix,1
wikileaks-noquotes,0.428714,200,19900,8,8,161.712764,12.493719,12.493719,12.9435,12.9435,prefix,1
wikileaks-noquotes,0.438898,200,19900,8,8,131.122312,12.724020,12.724020,10.3051,10.3051,prefix,1
wikileaks-noquotes,0.449082,200,19900,8,8,129.876482,12.422513,12.422513,10.4549,10.4549,prefix,1
wikileaks-noquotes,0.459265,200,19900,8,8,117.853869,12.315729,12.315729,9.5694,9.5694,prefix,1
wikileaks-noquotes,0.469449,200,19900,8,8,142.405779,11.721106,11.721106,12.1495,12.1495,prefix,1
wikileaks-noquotes,0.479633,200,19900,8,8,118.394070,12.221508,12.221508,9.6874,9.6874,prefix,1
wikileaks-noquotes,0.489816,200,19900,8,8,127.192211,12.242462,12.242462,10.3894,10.3894,prefix,1
wikileaks-noquotes,0.500000,200,19900,8,8,207.797337,11.666633,11.666633,17.8113,17.8113,prefix,1
weather_sept_85,0.001000,200,19900,7724,13003,3600.320352,18140.896181,3600.320352,0.1985,1.0000,exact,1
weather_sept_85,0.011184,200,19900,3155,12948,3018.371005,16414.466080,3018.371005,0.1839,1.0000,exact,1
weather_sept_85,0.021367,200,19900,2173,12917,3018.084171,16501.017588,3018.084171,0.1829,1.0000,exact,1
weather_sept_85,0.031551,200,19900,1564,12850,2860.510905,15075.087940,2860.510905,0.1898,1.0000,exact,1
weather_sept_85,0.041735,200,19900,1204,12804,2868.251658,15228.272613,2868.251658,0.1884,1.0000,exact,1
weather_sept_85,0.051918,200,19900,925,12769,2808.689296,14680.653266,2808.689296,0.1913,1.0000,exact,1
weather_sept_85,0.062102,200,19900,668,12725,2809.652462,14759.246231,2809.652462,0.1904,1.0000,exact,1
weather_sept_85,0.072286,200,19900,548,12654,2866.107638,13992.047739,2866.107638,0.2048,1.0000,exact,1
weather_sept_85,0.082469,200,19900,483,12623,2988.896583,13626.905327,2988.896583,0.2193,1.0000,exact,1
weather_sept_85,0.092653,200,19900,457,12585,2826.377739,13128.567839,2826.377739,0.2153,1.0000,exact,1
weather_sept_85,0.102837,200,19900,387,12556,2771.555678,12746.628945,2771.555678,0.2174,1.0000,exact,1
weather_sept_85,0.113020,200,19900,300,12525,2741.922111,12457.326231,2741.922111,0.2201,1.0000,exact,1
weather_sept_85,0.123204,200,19900,252,12467,2754.135276,12335.399899,2754.135276,0.2233,1.0000,exact,1
weather_sept_85,0.133388,200,19900,229,12437,2708.245427,11938.883970,2708.245427,0.2268,1.0000,exact,1
weather_sept_85,0.143571,200,19900,220,12415,2815.280603,11731.365126,2815.280603,0.2400,1.0000,exact,1
weather_sept_85,0.153755,200,19900,212,12362,2818.819095,11384.221106,2818.819095,0.2476,1.0000,exact,1
weather_sept_85,0.163939,200,19900,210,12319,3215.464824,11702.018442,3215.464824,0.2748,1.0000,exact,1
weather_sept_85,0.174122,200,19900,198,12262,2822.133568,11221.199749,2822.133568,0.2515,1.0000,exact,1
weather_sept_85,0.184306,200,19900,193,12206,3194.164573,12039.702663,3194.164573,0.2653,1.0000,exact,1
weather_sept_85,0.194490,200,19900,185,12163,3064.149899,11681.281407,3064.149899,0.2623,1.0000,exact,1
weather_sept_85,0.204673,200,19900,184,12109,3066.626884,10692.104271,3066.626884,0.2868,1.0000,exact,1
weather_sept_85,0.214857,200,19900,174,12053,2985.288945,10931.275126,2985.288945,0.2731,1.0000,exact,1
weather_sept_85,0.225041,200,19900,172,12003,3084.685930,10516.245829,3084.685930,0.2933,1.0000,exact,1
weather_sept_85,0.235224,200,19900,164,11941,2915.270101,10864.263015,2915.270101,0.2683,1.0000,exact,1
weather_sept_85,0.245408,200,19900,156,11865,3063.804422,9862.005829,3063.804422,0.3107,1.0000,exact,1
weather_sept_85,0.255592,200,19900,141,11800,2810.427136,9102.089598,2810.427136,0.3088,1.0000,exact,1
weather_sept_85,0.265776,200,19900,130,11719,3017.661206,9013.509196,3017.661206,0.3348,1.0000,exact,1
weather_sept_85,0.275959,200,19900,125,11665,2890.722362,9097.363920,2890.722362,0.3178,1.0000,exact,1
weather_sept_85,0.286143,200,19900,123,11599,3535.527638,9832.696834,3535.527638,0.3596,1.0000,exact,1
weather_sept_85,0.296327,200,19900,116,11535,2810.278492,8336.229045,2810.278492,0.3371,1.0000,exact,1
weather_sept_85,0.306510,200,19900,114,11456,3170.418744,8727.805678,3170.418744,0.3633,1.0000,exact,1
weather_sept_85,0.316694,200,19900,114,11392,3307.282261,9023.435930,3307.282261,0.3665,1.0000,exact,1
weather_sept_85,0.326878,200,19900,114,11300,2878.528040,8376.905377,2878.528040,0.3436,1.0000,exact,1
weather_sept_85,0.337061,200,19900,112,11193,3052.617286,8065.831256,3052.617286,0.3785,1.0000,exact,1
weather_sept_85,0.347245,200,19900,110,11109,2756.802764,7338.953065,2756.802764,0.3756,1.0000,exact,1
weather_sept_85,0.357429,200,19900,105,11013,2922.208945,7406.386080,2922.208945,0.3946,1.0000,exact,1
weather_sept_85,0.367612,200,19900,104,10902,3286.783920,8677.816181,3286.783920,0.3788,1.0000,exact,1
weather_sept_85,0.377796,200,19900,101,10808,3339.407437,8003.590854,3339.407437,0.4172,1.0000,exact,1
weather_sept_85,0.387980,200,19900,96,10691,2994.763417,6894.803166,2994.763417,0.4344,1.0000,exact,1
weather_sept_85,0.398163,200,19900,96,10601,2834.868090,6957.280151,2834.868090,0.4075,1.0000,exact,1
weather_sept_85,0.408347,200,19900,95,10518,2831.999548,6275.506734,2831.999548,0.4513,1.0000,exact,1
weather_sept_85,0.418531,200,19900,95,10436,3622.814070,6718.299849,3622.814070,0.5392,1.0000,exact,1
weather_sept_85,0.428714,200,19900,95,10329,2907.091709,6152.426734,2907.091709,0.4725,1.0000,exact,1
weather_sept_85,0.438898,200,19900,95,10237,2886.036432,6241.622663,2886.036432,0.4624,1.0000,exact,1
weather_sept_85,0.449082,200,19900,95,10117,3063.837940,5666.968191,3063.837940,0.5406,1.0000,exact,1
weather_sept_85,0.459265,200,19900,95,10022,3116.748342,6364.032663,3116.748342,0.4897,1.0000,exact,1
weather_sept_85,0.469449,200,19900,95,9926,3235.814523,5322.721960,3235.814523,0.6079,1.0000,exact,1
weather_sept_85,0.479633,200,19900,93,9820,2922.077035,5303.827487,2922.077035,0.5509,1.0000,exact,1
weather_sept_85,0.489816,200,19900,91,9645,2786.943065,4984.275528,2786.943065,0.5591,1.0000,exact,1
weather_sept_85,0.500000,200,19900,91,9582,2745.309899,4754.784322,2745.309899,0.5774,1.0000,exact,1
census-income,0.001000,200,19900,12268,14959,1995.207286,19313.360553,1995.207286,0.1033,1.0000,exact,1
census-income,0.011184,200,19900,5338,14889,1927.820352,16697.550251,1927.820352,0.1155,1.0000,exact,1
census-income,0.021367,200,19900,3541,14866,2077.416231,16035.860553,2077.416231,0.1295,1.0000,exact,1
census-income,0.031551,200,19900,2744,14828,1928.930050,15402.703116,1928.930050,0.1252,1.0000,exact,1
census-income,0.041735,200,19900,2260,14771,2104.409548,15865.039799,2104.409548,0.1326,1.0000,exact,1
census-income,0.051918,200,19900,1989,14737,2068.425427,16272.837085,2068.425427,0.1271,1.0000,exact,1
census-income,0.062102,200,19900,1726,14691,1944.464020,16088.645327,1944.464020,0.1209,1.0000,exact,1
census-income,0.072286,200,19900,1577,14669,1950.349698,16491.065729,1950.349698,0.1183,1.0000,exact,1
census-income,0.082469,200,19900,1399,14653,1988.033920,14745.908744,1988.033920,0.1348,1.0000,exact,1
census-income,0.092653,200,19900,1353,14631,2351.490804,15665.755829,2351.490804,0.1501,1.0000,exact,1
census-income,0.102837,200,19900,1320,14590,2301.545226,15013.745829,2301.545226,0.1533,1.0000,exact,1
census-income,0.113020,200,19900,1281,14568,1988.295628,13578.419196,1988.295628,0.1464,1.0000,exact,1
census-income,0.123204,200,19900,1272,14533,1857.782663,14067.883166,1857.782663,0.1321,1.0000,exact,1
census-income,0.133388,200,19900,1251,14497,2004.602211,13260.938040,2004.602211,0.1512,1.0000,exact,1
census-income,0.143571,200,19900,1233,14479,2187.424623,13716.109698,2187.424623,0.1595,1.0000,exact,1
census-income,0.153755,200,19900,1217,14459,2047.049849,13380.839648,2047.049849,0.1530,1.0000,exact,1
census-income,0.163939,200,19900,1209,14441,1929.401206,13164.422111,1929.401206,0.1466,1.0000,exact,1
census-income,0.174122,200,19900,1191,14411,2001.375628,12572.232010,2001.375628,0.1592,1.0000,exact,1
census-income,0.184306,200,19900,1179,14382,1956.243719,12767.881055,1956.243719,0.1532,1.0000,exact,1
census-income,0.194490,200,19900,1167,14356,2059.849246,13297.744975,2059.849246,0.1549,1.0000,exact,1
census-income,0.204673,200,19900,1149,14347,2347.504221,14170.561106,2347.504221,0.1657,1.0000,exact,1
census-income,0.214857,200,19900,1149,14311,1992.893618,12039.087085,1992.893618,0.1655,1.0000,exact,1
census-income,0.225041,200,19900,1149,14282,2017.506281,11838.655779,2017.506281,0.1704,1.0000,exact,1
census-income,0.235224,200,19900,1143,14230,1870.887789,12450.711910,1870.887789,0.1503,1.0000,exact,1
census-income,0.245408,200,19900,1134,14186,1998.634824,11909.420000,1998.634824,0.1678,1.0000,exact,1
census-income,0.255592,200,19900,1108,14164,2098.758392,11153.400352,2098.758392,0.1882,1.0000,exact,1
census-income,0.265776,200,19900,1078,14144,1908.172111,10810.226131,1908.172111,0.1765,1.0000,exact,1
census-income,0.275959,200,19900,1054,14126,1962.016332,10803.287286,1962.016332,0.1816,1.0000,exact,1
census-income,0.286143,200,19900,1034,14107,1888.385678,10194.179246,1888.385678,0.1852,1.0000,exact,1
census-income,0.296327,200,19900,1019,14068,1856.976533,10404.813618,1856.976533,0.1785,1.0000,exact,1
census-income,0.306510,200,19900,974,14030,2570.875226,14637.698945,2570.875226,0.1756,1.0000,exact,1
census-income,0.316694,200,19900,965,13999,3641.538945,15908.435930,3641.538945,0.2289,1.0000,exact,1
census-income,0.326878,200,19900,945,13965,2767.654975,10899.516332,2767.654975,0.2539,1.0000,exact,1
census-income,0.337061,200,19900,923,13907,1868.852613,10745.598794,1868.852613,0.1739,1.0000,exact,1
census-income,0.347245,200,19900,911,13873,1901.015528,9218.130201,1901.015528,0.2062,1.0000,exact,1
census-income,0.357429,200,19900,911,13841,1824.895327,9007.020553,1824.895327,0.2026,1.0000,exact,1
census-income,0.367612,200,19900,897,13806,2040.611407,9178.155377,2040.611407,0.2223,1.0000,exact,1
census-income,0.377796,200,19900,872,13766,1802.948090,9063.410804,1802.948090,0.1989,1.0000,exact,1
census-income,0.387980,200,19900,856,13731,1955.247085,8973.873568,1955.247085,0.2179,1.0000,exact,1
census-income,0.398163,200,19900,828,13704,1851.407035,9221.668794,1851.407035,0.2008,1.0000,exact,1
census-income,0.408347,200,19900,773,13675,1961.103467,8621.233266,1961.103467,0.2275,1.0000,exact,1
census-income,0.418531,200,19900,739,13643,2020.642814,8383.909146,2020.642814,0.2410,1.0000,exact,1
census-income,0.428714,200,19900,697,13610,1997.648643,8934.239950,1997.648643,0.2236,1.0000,exact,1
census-income,0.438898,200,19900,661,13539,1859.168744,7604.740352,1859.168744,0.2445,1.0000,exact,1
census-income,0.449082,200,19900,639,13490,1865.048141,7479.110101,1865.048141,0.2494,1.0000,exact,1
census-income,0.459265,200,19900,628,13446,1838.898693,7159.018040,1838.898693,0.2569,1.0000,exact,1
census-income,0.469449,200,19900,619,13395,1805.029296,7140.592513,1805.029296,0.2528,1.0000,exact,1
census-income,0.479633,200,19900,555,13352,1791.218593,6986.823719,1791.218593,0.2564,1.0000,exact,1
census-income,0.489816,200,19900,425,13320,1878.484070,6754.250402,1878.484070,0.2781,1.0000,exact,1
census-income,0.500000,200,19900,391,13263,1822.072864,6550.741206,1822.072864,0.2781,1.0000,exact,1
